Keyword,SV
keyboard,"455,000"
mechanical keyboard,"130,000"
ducky keyboard,"112,000"
gaming keyboard,"106,000"
razer keyboard,"79,000"
arabic keyboard,"59,000"
60 keyboard,"51,000"
computer keyboard,"51,000"
ipad keyboard,"48,000"
logitech keyboard,"46,000"
keyboard and mouse,"41,000"
apple keyboard,"41,000"
wireless keyboard,"41,000"
apple magic keyboard,"40,000"
magic keyboard,"39,000"
russian keyboard,"38,000"
razer huntsman mini,"37,000"
gaming keyboard and mouse,"33,000"
corsair keyboard,"33,000"
wireless keyboard and mouse,"29,000"
ergonomic keyboard,"25,000"
redragon keyboard,"24,000"
keycaps for keyboard,"20,000"
bluetooth keyboard,"20,000"
typewriter keyboard,"20,000"
65 keyboard,"17,000"
dvorak keyboard,"16,000"
logitech wireless keyboard,"15,000"
hyperx keyboard,"15,000"
ipad pro keyboard,"14,000"
keyboard stand,"14,000"
keychron k2,"14,000"
spanish keyboard,"14,000"
steelseries keyboard,"14,000"
ipad magic keyboard,"13,000"
75 keyboard,"13,000"
keyboard switches,"13,000"
redragon k552,"13,000"
tkl keyboard,"13,000"
ipad keyboard case,"12,000"
wireless mechanical keyboard,"11,000"
das keyboard,"11,000"
rgb keyboard,"11,000"
varmilo keyboard,"11,000"
apple wireless keyboard,"10,000"
customizable mechanical keyboard,"10,000"
wireless gaming keyboard,"10,000"
macro gamer,"10,000"
laser keyboard,"9,800"
tablet with keyboard,"9,500"
logitech gaming keyboard,"9,100"
magic mouse 2,"9,100"
pink keyboard,"9,000"
cherry red,"8,800"
light up keyboard,"8,700"
hiragana keyboard,"8,700"
rk61 keyboard,"8,500"
cherry mx switches,"8,400"
split keyboard,"8,400"
microsoft ergonomic keyboard,"8,100"
huntsman mini,"8,100"
smallest gaming keyboard,"8,000"
dell keyboard,"7,900"
keyboard cleaner,"7,900"
matrix keyboard,"7,900"
computer desk with keyboard tray,"7,800"
bluetooth keyboard and mouse,"7,700"
small gaming keyboard,"7,700"
anne pro 2 keyboard,"7,600"
logitech ipad keyboard,"7,600"
glorious keyboard,"7,600"
backlit keyboard,"7,500"
ducky 12 mini,"7,400"
gk61 keyboard,"7,400"
hot swappable keyboard,"7,300"
alienware keyboard,"7,200"
logitech g pro keyboard,"7,100"
leopold keyboard,"7,100"
ipad with keyboard,"7,000"
mechanical gaming keyboard,"7,000"
apple magic mouse 2,"6,900"
drop keyboard,"6,700"
white keyboard,"6,700"
akko keyboard,"6,600"
keyboard tray,"6,600"
microsoft keyboard,"6,600"
ipad case with keyboard,"6,500"
red dragon keyboard,"6,500"
mini keyboard,"6,400"
kraken keyboard,"6,200"
rainbow keyboard,"6,100"
keyboard and mouse for xbox,"6,000"
electric keyboard,"5,900"
hyperx alloy origins core,"5,800"
80 keyboard,"5,800"
logitech wireless keyboard and mouse,"5,700"
logitech keyboard and mouse,"5,700"
steelseries apex 3,"5,700"
pc keyboard,"5,700"
hyperx alloy origins,"5,600"
one handed keyboard,"5,600"
white gaming keyboard,"5,600"
keychron k1,"5,600"
razor keyboard,"5,600"
ipad pro keyboard case,"5,400"
roccat keyboard,"5,400"
magic trackpad 2,"5,300"
anime keyboard,"5,300"
chromebook keyboard,"5,300"
bluetooth keyboard for ipad,"5,200"
keyboard wrist rest,"5,200"
logitech mechanical keyboard,"5,200"
small keyboard,"5,100"
mini ipad with keyboard,"5,000"
cherry mx blue,"5,000"
logitech bluetooth keyboard,"5,000"
cute keyboard,"5,000"
thai keyboard,"5,000"
usb keyboard,"5,000"
apex pro keyboard,"4,900"
hp keyboard,"4,900"
keyboard cover,"4,900"
microsoft surface keyboard,"4,800"
quietest keyboards,"4,700"
60 mechanical keyboard,"4,600"
ubotie keyboard,"4,600"
apple smart keyboard,"4,500"
cool keyboards,"4,500"
led keyboard,"4,500"
steelseries apex 3,"4,400"
60 gaming keyboard,"4,400"
ipad smart keyboard,"4,400"
mini gaming keyboard,"4,400"
70 keyboard,"4,300"
gmmk keyboard,"4,300"
keyboard game,"4,300"
number pad keyboard,"4,200"
green keyboard,"4,200"
cheap gaming keyboard,"4,100"
ducky keyboard gaming,"4,100"
ipad mini keyboard,"4,000"
apple keyboard for ipad,"3,800"
microsoft sculpt ergonomic keyboard,"3,700"
cherry switches,"3,700"
keyboard case,"3,700"
macro keyboard,"3,700"
banana split keyboard,"3,600"
quiet mechanical keyboards,"3,600"
surface pro keyboard,"3,600"
blue switches,"3,600"
brown switches,"3,600"
corsair k63,"3,600"
ipad air keyboard case,"3,500"
60 keyboard layout,"3,500"
gmmk pro keyboard,"3,500"
jelly comb keyboard,"3,500"
left handed keyboard,"3,500"
kawaii keyboard,"3,500"
quiet keyboard,"3,500"
surface pro 7 keyboard,"3,400"
roku universal remote,"3,400"
cherry keyboard,"3,400"
65 percent keyboard,"3,300"
keyboard lettering,"3,300"
wooting keyboard,"3,300"
apex pro tkl keyboard,"3,200"
rca tablet with keyboard,"3,200"
good gaming keyboard,"3,200"
midi controller keyboard,"3,200"
razer mechanical keyboard,"3,200"
razer ornata,"3,200"
retro keyboard,"3,200"
cyberpower pc keyboards,"3,100"
full size keyboard,"3,100"
havit keyboard,"3,100"
keyboard backlight,"3,100"
magic keyboard ipad air,"3,000"
ducky mechanical keyboard,"3,000"
alice keyboard,"3,000"
bt21 keyboard,"3,000"
cheap mechanical keyboard,"2,900"
corsair gaming keyboard,"2,900"
razer wireless keyboard,"2,900"
white mechanical keyboard,"2,900"
mouse keyboard,"2,900"
purple keyboard,"2,900"
ergonomic mechanical keyboard,"2,800"
hello kitty keyboard,"2,800"
hp wireless keyboard,"2,800"
mac wireless keyboard,"2,800"
razer chroma keyboard,"2,800"
razer gaming keyboard,"2,800"
clicky keyboard,"2,800"
ducky mini,"2,800"
keyboard pad,"2,800"
corsair k55 rgb gaming keyboard,"2,700"
cherry mx red switches,"2,700"
ergonomic keyboard and mouse,"2,700"
low profile mechanical keyboard,"2,700"
apple bluetooth keyboard,"2,700"
dell wireless keyboard,"2,700"
gk61 mechanical keyboard,"2,700"
zagg keyboard ipad,"2,700"
100 keyboard,"2,700"
smart keyboard,"2,700"
coiled keyboard cable,"2,600"
razer black widow,"2,600"
blackwidow keyboard,"2,600"
wired keyboard,"2,600"
macbook air keyboard cover,"2,500"
razer blackwidow keyboard,"2,500"
75 percent keyboard,"2,500"
bluetooth mechanical keyboard,"2,500"
corsair mechanical keyboard,"2,500"
ducky mini keyboard,"2,500"
rk royal kludge,"2,500"
dierya keyboard,"2,500"
onn keyboard,"2,500"
portable keyboard,"2,500"
silent keyboard,"2,500"
vega keyboard,"2,500"
dell wireless keyboard and mouse,"2,400"
logitech g pro x keyboard,"2,400"
microsoft natural ergonomic keyboard 4000,"2,400"
keycaps for 60 keyboard,"2,400"
under desk keyboard tray,"2,400"
keyboards for surface,"2,400"
logitech mx keyboard,"2,400"
tenkeyless keyboard,"2,400"
ducky one 2 mini keyboard,"2,300"
pink gaming keyboard,"2,300"
pink mechanical keyboard,"2,300"
royal kludge keyboard,"2,300"
azio keyboard,"2,300"
cyberpowerpc keyboard,"2,300"
half keyboard,"2,300"
standard keyboard,"2,300"
apple ipad keyboard case,"2,200"
redragon keyboard and mouse,"2,200"
60 keyboard case,"2,200"
huntsman mini keyboard,"2,200"
hyperx alloy,"2,200"
magegee keyboard,"2,200"
light up keyboard and mouse,"2,100"
wireless keyboard and mouse combo,"2,100"
cherry mx brown keyboard,"2,100"
macbook pro keyboard cover,"2,100"
cheap 60 keyboard,"2,100"
keyboard switch tester,"2,100"
logitech pro keyboard,"2,100"
microsoft wireless keyboard,"2,100"
razer pink keyboard,"2,100"
apex 3,"2,100"
apex keyboard,"2,100"
big keyboard,"2,100"
k70 keyboard,"2,100"
lvlup keyboard,"2,100"
o-rings keyboard,"2,100"
purple keycaps,"2,100"
t9 keyboard,"2,100"
ipad mini keyboard case,"2,000"
apex 3 keyboard,"2,000"
mz 60 keyboard,"2,000"
razer keyboard blackwidow,"2,000"
red switch keyboard,"2,000"
russian key board,"2,000"
sliding keyboard tray,"2,000"
split mechanical keyboard,"2,000"
tkl mechanical keyboard,"2,000"
65% keyboard,"2,000"
75% keyboard,"2,000"
ajazz keyboard,"2,000"
code keyboard,"2,000"
compact keyboard,"2,000"
durgod keyboard,"2,000"
keyboard cable,"2,000"
keyboard drawer,"2,000"
keychron keyboard,"2,000"
microsoft sculpt,"2,000"
mofii keyboard,"2,000"
pink switch,"2,000"
sk61 keyboard,"2,000"
steampunk keyboard,"2,000"
k55 rgb gaming keyboard,"1,900"
microsoft surface pro keyboard,"1,900"
blue switch keyboard,"1,900"
cherry mx clear,"1,900"
quiet gaming keyboards,"1,900"
rgb mechanical keyboard,"1,900"
96 keyboard,"1,900"
chiclet keyboard,"1,900"
keychron c1,"1,900"
numpad keyboard,"1,900"
topre keyboard,"1,900"
jeyboard,"1,900"
trackpoint,"1,900"
cherry mx silent red,"1,800"
gaming keyboard 60 percent,"1,800"
mechanical keyboard for mac,"1,800"
microsoft ergonomic keyboard 4000,"1,800"
one handed gaming keyboard,"1,800"
cherry mx keyboard,"1,800"
custom gaming keyboard,"1,800"
drop alt keyboard,"1,800"
keyboard mouse combo,"1,800"
logitech g keyboard,"1,800"
asus keyboard,"1,800"
huntsman keyboard,"1,800"
keyboard mat,"1,800"
keyboard vacuum,"1,800"
msi keyboard,"1,800"
rii keyboard,"1,800"
keyboars,"1,800"
led keyboard and mouse,"1,700"
razer huntsman mini keycaps,"1,700"
razer keyboard and mouse,"1,700"
brown switch keyboard,"1,700"
logitech wave keyboard,"1,700"
low profile keyboard,"1,700"
wireless ergonomic keyboard,"1,700"
filco keyboard,"1,700"
combo of keyboard and mouse,"1,600"
keyboard with stand and bench,"1,600"
cherry mx blue keyboard,"1,600"
cherry mx red keyboard,"1,600"
white keyboard and mouse,"1,600"
wired keyboard and mouse,"1,600"
10 keyless keyboard,"1,600"
bluetooth typewriter keyboard,"1,600"
corsair wireless keyboard,"1,600"
logitech g915 keyboard,"1,600"
razer huntsman keyboard,"1,600"
razer white keyboard,"1,600"
wireless backlit keyboard,"1,600"
blue keyboard,"1,600"
keyboard riser,"1,600"
logitech k480,"1,600"
red keyboard,"1,600"
sakura keyboard,"1,600"
mechanical keyboard for typing,"1,500"
gaming keyboard and mouse combo,"1,500"
magic keyboard with numeric keypad,"1,500"
alienware keyboard and mouse,"1,500"
cherry mx blue switches,"1,500"
ipad pro smart keyboard,"1,500"
keyboard and mouse pad,"1,500"
10 key keyboard,"1,500"
apple mouse 2,"1,500"
apple wired keyboard,"1,500"
blue keyboard switches,"1,500"
computer keyboard stand,"1,500"
g512 carbon keyboard,"1,500"
logitech ergonomic keyboard,"1,500"
razer mini keyboard,"1,500"
silent mechanical keyboard,"1,500"
skytech gaming keyboard,"1,500"
20 keyboard,"1,500"
50 keyboard,"1,500"
bauer keyboard,"1,500"
cheap typewriter,"1,500"
keyboard controller,"1,500"
mechanical keycaps,"1,500"
osu keyboard,"1,500"
redragon kumara,"1,500"
ukrainian keyboard,"1,500"
zagg keyboard,"1,500"
computer desk with printer shelf,"1,400"
pc keyboard and mouse,"1,400"
surface pro 4 keyboard,"1,400"
wireless keyboard with touchpad,"1,400"
corsair keyboard k55,"1,400"
corsair keyboard k70,"1,400"
g pro keyboard,"1,400"
havit mechanical keyboard,"1,400"
hot swap keyboard,"1,400"
hyper x keyboard,"1,400"
microsoft bluetooth keyboard,"1,400"
redragon mechanical keyboard,"1,400"
uk layout keyboard,"1,400"
white rgb keyboard,"1,400"
white wireless keyboard,"1,400"
wireless rgb keyboard,"1,400"
1800 keyboard,"1,400"
black keyboard,"1,400"
ducky keybaord,"1,400"
electronic keyboards,"1,400"
g915 keyboard,"1,400"
keyboard switch,"1,400"
lofree keyboard,"1,400"
small mouse,"1,400"
ipad 8th gen keyboard case,"1,300"
apple magic keyboard 2,"1,300"
apple smart keyboard folio,"1,300"
bluetooth keyboard for tablet,"1,300"
ipad pro 12.9 keyboard,"1,300"
logitech multi device keyboard,"1,300"
lvlup pro gaming headset,"1,300"
microsoft keyboard and mouse,"1,300"
rainbow keyboard and mouse,"1,300"
rgb keyboard and mouse,"1,300"
surface pro 3 keyboard,"1,300"
65 mechanical keyboard,"1,300"
anne pro keyboard,"1,300"
bluetooth gaming keyboard,"1,300"
keyboard with touchpad,"1,300"
mac bluetooth keyboard,"1,300"
pink keyboard wireless,"1,300"
razer 60 keyboard,"1,300"
retro mechanical keyboard,"1,300"
top gaming keyboards,"1,300"
blackweb keyboard,"1,300"
everest keyboard,"1,300"
g910 keyboard,"1,300"
macally keyboard,"1,300"
naruto keyboard,"1,300"
npet keyboard,"1,300"
one-handed keyboard,"1,300"
panda keyboard,"1,300"
vortex keyboard,"1,300"
zer keyboard,"1,300"
cheap gaming keyboard and mouse,"1,200"
logitech g213 prodigy gaming keyboard,"1,200"
microsoft surface pro 7 keyboard,"1,200"
pc gaming keyboard and mouse,"1,200"
casio keyboard 88 keys,"1,200"
detachable keyboard for tablet,"1,200"
drop alt mechanical keyboard,"1,200"
english to arabic keyboard,"1,200"
full size mechanical keyboard,"1,200"
keyboard and mouse adapter,"1,200"
light up mouse pad,"1,200"
logitech mx keys keyboard,"1,200"
mechanical keyboard brown switches,"1,200"
surface go 2 keyboard,"1,200"
usb keyboard and mouse,"1,200"
80 percent keyboard,"1,200"
cherry blossom keyboard,"1,200"
cherry mx silent,"1,200"
chromebook keyboard cover,"1,200"
keyboard key tester,"1,200"
keyboard o rings,"1,200"
lenovo wireless keyboard,"1,200"
logitech craft keyboard,"1,200"
logitech white keyboard,"1,200"
magic eagle keyboard,"1,200"
pc gaming keyboard,"1,200"
razor huntsman mini,"1,200"
rgb gaming keyboard,"1,200"
wireless keyboard mouse,"1,200"
colorful keyboard,"1,200"
keyboard desks,"1,200"
keyboard protector,"1,200"
keychron c2,"1,200"
logi keyboard,"1,200"
motospeed keyboard,"1,200"
mountain keyboard,"1,200"
silver rgb,"1,200"
spectrum antivirus,"1,200"
tactile keyboards,"1,200"
keyboatd,"1,200"
msirgb,"1,200"
apple ipad case with keyboard,"1,100"
best gaming keyboard under 100,"1,100"
ipad pro 12.9 inch case,"1,100"
ipad with keyboard and pen,"1,100"
wireless ergonomic keyboard and mouse,"1,100"
android tablet with keyboard,"1,100"
clamp on keyboard tray,"1,100"
hades controller or keyboard,"1,100"
hot swappable mechanical keyboard,"1,100"
keyboard and mouse combo,"1,100"
keyboard light up keys,"1,100"
laptop with backlit keyboard,"1,100"
windows tablet with keyboard,"1,100"
yamaha keyboard 61 keys,"1,100"
75 mechanical keyboard,"1,100"
arabic key board,"1,100"
arteck wireless keyboard,"1,100"
corsair white keyboard,"1,100"
cute mechanical keyboards,"1,100"
ergonomic keyboard gaming,"1,100"
huntsman elite keyboard,"1,100"
logitech k350 keyboard,"1,100"
mac keyboard wired,"1,100"
magic keyboard 2,"1,100"
onn gaming keyboard,"1,100"
ps/2 to usb,"1,100"
razer keyboard layout,"1,100"
redragon k552 kumara,"1,100"
redragon keyboard k552,"1,100"
retro typewriter keyboard,"1,100"
tenkeyless mechanical keyboard,"1,100"
a keyboard,"1,100"
desktop keyboard,"1,100"
gundam keyboard,"1,100"
hamzer keyboard,"1,100"
holographic keyboard,"1,100"
mechanical keybaords,"1,100"
motospeed ck62,"1,100"
omen keyboard,"1,100"
realforce keyboard,"1,100"
skyloong keyboard,"1,100"
thinkpad keyboard,"1,100"
macally,"1,100"
ipad pro magic keyboard 12.9,"1,000"
logitech ipad pro 12.9 keyboard,"1,000"
microsoft surface go 2 keyboard,"1,000"
razer keyboard and mouse bundle,"1,000"
wireless mechanical keyboard and mouse,"1,000"
gaming keyboard for ps4,"1,000"
ipad 12.9 pro case,"1,000"
ipad air 2 keyboard,"1,000"
ipad cover with keyboard,"1,000"
logitech pro x keyboard,"1,000"
microsoft designer compact keyboard,"1,000"
wireless microsoft ergonomic keyboard,"1,000"
60 keyboard ducky,"1,000"
65 keyboard layout,"1,000"
adjustable keyboard tray,"1,000"
alienware gaming keyboard,"1,000"
anti ghosting keyboard,"1,000"
apex 7 keyboard,"1,000"
apple mac keyboard,"1,000"
build mechanical keyboard,"1,000"
corsair 60 keyboard,"1,000"
ducky one keyboard,"1,000"
g413 carbon keyboard,"1,000"
hyperx 60 keyboard,"1,000"
ipad keyboard cover,"1,000"
keyboard cleaner spray,"1,000"
keyboard without numpad,"1,000"
logitech k120 keyboard,"1,000"
logitech k380 keyboard,"1,000"
logitech k750 keyboard,"1,000"
logitech solar keyboard,"1,000"
mini bluetooth keyboard,"1,000"
musical instruments keyboards,"1,000"
standard ps/2 keyboard,"1,000"
surface go keyboard,"1,000"
ar keyboard,"1,000"
atrix keyboard,"1,000"
azeron keyboard,"1,000"
coloured keyboards,"1,000"
computer macro,"1,000"
cyberboard keyboard,"1,000"
duky keybord,"1,000"
external keyboard,"1,000"
fastest keyboard,"1,000"
flat keyboard,"1,000"
foldable keyboard,"1,000"
good keyboard,"1,000"
hand keyboard,"1,000"
k95 keyboard,"1,000"
kda keyboard,"1,000"
key bored,"1,000"
keyboard key,"1,000"
linear keyboard,"1,000"
macro keys,"1,000"
massdrop keyboard,"1,000"
mechanical switches,"1,000"
mxqu2ll a,"1,000"
razerzone keyboard,"1,000"
roku keyboard,"1,000"
rosewill keyboard,"1,000"
shroud keyboard,"1,000"
kwyboard,"1,000"
maxkeyboard,"1,000"
logitech wireless solar keyboard k750,900
magic keyboard ipad air 4,900
microsoft wireless keyboard and mouse,900
razer cynosa chroma gaming keyboard,900
redragon k552 mechanical gaming keyboard,900
60 mechanical gaming keyboard,900
60 percent mechanical keyboard,900
black and white keyboard,900
bluetooth keyboard with touchpad,900
cherry mx silent black,900
gk61 mechanical gaming keyboard,900
ipad mouse and keyboard,900
keyboard stand for desk,900
keyboard without number pad,900
light up gaming keyboard,900
logitech g910 orion spectrum,900
microsoft tablet with keyboard,900
quietest mechanical keyboard switches,900
razer huntsman mini white,900
russian to english keyboard,900
under desk keyboard mount,900
under desk mount drawer,900
windows key on keyboard,900
wrist pad for keyboard,900
100 percent keyboard,900
75 keyboard case,900
alloy origins core,900
aluminum keyboard case,900
anker bluetooth keyboard,900
blackwidow elite keyboard,900
cherry keyboard switch,900
cool gaming keyboards,900
corsair rgb keyboard,900
drop mechanical keyboard,900
ducky white keyboard,900
gaming keyboard rainbow,900
gaming keyboard wired,900
gaming mouse keyboard,900
ipad typewriter keyboard,900
keyboard with trackpad,900
laptop keyboard light,900
laser projection keyboard,900
mechanical keyboard compact,900
mechanical keyboard steelseries,900
microsoft sculpt keyboard,900
one hand keyboard,900
razer quartz keyboard,900
red switches keyboard,900
redragon 60 keyboard,900
redragon gaming keyboard,900
scissor switch keyboard,900
tkl keyboard cases,900
ajazz ak33,900
arteck keyboard,900
ducky pocket,900
fnatic keyboard,900
g613 keyboard,900
gold keyboard,900
jelly keyboard,900
keyboard large,900
logitech mk360,900
optical keyboard,900
pc keys,900
phantom keyboard,900
pointing stick,900
prime 13,900
projector keyboard,900
reddragon keyboard,900
rgb gaming,900
sades keyboard,900
spectrum server,900
swedish keyboard,900
vertical keyboard,900
vintage keyboard,900
ezclean,900
gwireless,900
kayboard,900
keybpard,900
good gaming mouse and keyboard,800
ipad 8th generation keyboard case,800
ipad air 4th generation keyboard,800
steel series apex pro keyboard,800
dell keyboard and mouse,800
desk with keyboard drawer,800
ergonomic keyboard for mac,800
hyper x alloy keyboard,800
hyperx alloy fps rgb,800
keyboard with number pad,800
logitech wireless keyboard k360,800
mechanical keyboard with numpad,800
msi keyboard light control,800
pink keyboard and mouse,800
pull out keyboard tray,800
razer huntsman mini keyboard,800
steelseries keyboard apex pro,800
wireless keyboard for laptop,800
75 keyboard kit,800
apex 5 keyboard,800
black widow keyboard,800
brown keyboard switches,800
budget mechanical keyboard,800
casio wk 6600,800
cheapest mechanical keyboard,800
cherry switches keyboard,800
cleaning mechanical keyboard,800
corsair k100 keyboard,800
gaming keyboard red,800
gmmk white ice,800
hyperx aqua switches,800
hyperx mechanical keyboard,800
keyboard mouse pad,800
logitech g815 keyboard,800
logitech k270 keyboard,800
logitech k780 keyboard,800
logitech k800 keyboard,800
logitech keyboard mac,800
logitech keyboard rgb,800
mechanical keyboard parts,800
mini wireless keyboard,800
omoton wireless keyboard,800
outemu brown switch,800
pictek gaming keyboard,800
quietest keyboard switches,800
razer deathstalker keyboard,800
razor black widow,800
round key keyboard,800
sage green keyboard,800
small wireless keyboards,800
star wars keyboard,800
type writer keyboard,800
usb c keyboard,800
wireless bluetooth keyboard,800
80% keyboard,800
acer keyboards,800
anker keyboard,800
aukey keyboard,800
boyi keyboard,800
casio sa-76,800
casio wk-6600,800
cherry brown,800
chonchow keyboard,800
color keyboard,800
computer tray,800
dell kb216,800
dell km636,800
hologram keyboard,800
iclever keyboard,800
iqunix keyboard,800
k100 keyboard,800
k61 keyboard,800
keyboard armrest,800
keyboard duster,800
keyboard holder,800
keyboard rog,800
keyboard shelf,800
keyboard stabilizer,800
logic keyboard,800
logitech mk545,800
loudest keyboard,800
magicforce keyboard,800
midi board,800
mx keyboard,800
new keyboard,800
orion watches,800
sanrio keyboard,800
steelseries apex3,800
typewriter keycaps,800
typewriter keys,800
velocifire keyboard,800
vulcan keyboard,800
weird keyboard,800
womier keyboard,800
yellow keyboard,800
ketboard,800
keybiard,800
88 key keyboard weighted keys,700
alienware pro gaming keyboard aw768,700
apple keyboard with numeric keypad,700
cherry mx silent red keyboard,700
corner desk with keyboard tray,700
ipad 5th generation keyboard case,700
ipad mini 4 keyboard case,700
keyboard for ipad 7th generation,700
keyboard with mouse built in,700
small desk with keyboard tray,700
white wireless keyboard and mouse,700
xbox keyboard and mouse adapter,700
casio keyboard power cord,700
good cheap gaming keyboard,700
ibuypower keyboard light control,700
k780 multi-device wireless keyboard,700
logitech wireless keyboard k350,700
logitech wireless mechanical keyboard,700
mechanical keyboard and mouse,700
razer ornata chroma keyboard,700
red and black keyboard,700
usb c keyboard cable,700
white desk keyboard tray,700
win key on keyboard,700
wireless keyboard mouse combo,700
wireless light up keyboard,700
50 percent keyboard,700
60% mechanical keyboard,700
alpha gaming keyboard,700
ares m1 keyboard,700
best keyboard brands,700
black gaming keyboard,700
black mechanical keyboard,700
blue gaming keyboard,700
casio keyboard stand,700
cherry mx white,700
cm storm keyboard,700
corsair keyboard layout,700
cream switches keyboard,700
cute gaming keyboard,700
cute wireless keyboard,700
drop entr keyboard,700
dvorak simplified keyboard,700
e yooso keyboard,700
fastest keyboard switches,700
fuji 65 keyboard,700
g skill keyboard,700
gaming keyboard tkl,700
green mechanical keyboard,700
half keyboard gaming,700
hyperx alloy core,700
hyperx gaming keyboard,700
ipad 8 keyboard,700
keyboard arm rest,700
keyboard for tablet,700
kindle fire keyboard,700
laser keyboard projector,700
led gaming keyboard,700
logitech g413 keyboard,700
logitech k480 keyboard,700
logitech mac software,700
mini mechanical keyboard,700
mini midi keyboard,700
mode 65 keyboard,700
mx keys keyboard,700
new apple keyboard,700
ornata chroma keyboard,700
pink typewriter keyboard,700
pixel slate keyboard,700
pro gaming keyboards,700
purple gaming keyboard,700
purple mechanical keyboard,700
quiet wireless keyboards,700
razer rgb keyboard,700
silent gaming keyboard,700
silicone keyboard cover,700
sun 68 keyboard,700
voice 65 keyboard,700
yamaha dgx 230,700
yamaha keyboard stand,700
20% keyboard,700
acrylic keyboard,700
colored keyboard,700
fintie keyboard,700
fold keyboard,700
gamer keyboard,700
glowing keyboard,700
heated keyboard,700
hexagon keyboard,700
keyboard skins,700
kitty keyboard,700
klim keyboard,700
kraken keycaps,700
lighted keyboard,700
matias keyboard,700
mechanical keyboard.com,700
mechanical keybords,700
metal keyboard,700
mk keyboard,700
modular keyboard,700
mx switches,700
mxqt2ll a,700
mysterium keyboard,700
number keyboard,700
numeric keyboard,700
office keyboard,700
programmable keyboard,700
projected keyboard,700
projection keyboard,700
ps/2 cable,700
purple switches,700
rukia keyboard,700
skytech keyboard,700
snowfox keyboard,700
transformer stickers,700
tv keyboard,700
wave keyboard,700
wireless computers,700
z12 39,700
z12 5,700
10300h,700
duckt,700
meyboard,700
mla22lla,700
ornata,700
ws2,700
anker bluetooth ultra slim keyboard,600
apple magic keyboard and mouse,600
apple wireless keyboard and mouse,600
black keyboard with white keycaps,600
desk with pullout keyboard tray,600
duky one 2 mini keyboard,600
ipad magic keyboard 11 inch,600
ipad mini 5 keyboard case,600
ipad pro case with keyboard,600
keyboard to attach to ipad,600
keyboard tray for standing desk,600
logitech bluetooth keyboard and mouse,600
logitech keyboard k750 not working,600
logitech wireless illuminated keyboard k800,600
ps4 keyboard and mouse adapter,600
smart keyboard for ipad air,600
white desk with keyboard tray,600
yamaha portable grand dgx 230,600
60 keyboard wrist rest,600
65 hot swap keyboard,600
air duster for keyboard,600
apex steel series keyboard,600
apple i mac keyboard,600
apple ipad smart keyboard,600
best gaming keyboard brand,600
best keyboards for typing,600
best mechanical keyboard brands,600
best mechanical keyboard switches,600
chromebook tablet with keyboard,600
compressed air keyboard cleaner,600
computer covers and skins,600
computer keyboard and mouse,600
das keyboard 4 professional,600
das keyboard x50q rgb,600
drop ctrl mechanical keyboard,600
dust cover for keyboard,600
g pro x keyboard,600
gel keyboard wrist rest,600
ipad 6th generation keyboard,600
jelly comb wireless keyboard,600
keyboard and mouse bundle,600
keyboard attachment for ipad,600
keyboard with usb port,600
logitech combo touch keyboard,600
logitech ipad mini keyboard,600
logitech keyboard mouse combo,600
low profile keyboard gaming,600
m audio midi keyboard,600
mechanical keyboard blue switch,600
mechanical keyboard o rings,600
microsoft surface ergonomic keyboard,600
onn tablet with keyboard,600
razer huntsman elite keyboard,600
razer huntsman gaming keyboard,600
spray to clean keyboard,600
surface pro 6 keyboard,600
tkl hot swap keyboard,600
typewriter keyboard for computer,600
apple keyboard a1314,600
apple keyboard ergonomic,600
apple mechanical keyboard,600
apple usb keyboard,600
asus rog keyboard,600
blackweb gaming keyboard,600
bloomberg terminal keyboard,600
blow into keyboard,600
cheap razor keyboard,600
cheap wireless keyboard,600
cherry brown keyboard,600
cherry mx reds,600
color changing keyboard,600
compact gaming keyboard,600
computer gaming keyboard,600
computer keyboard cleaner,600
corsair keyboard k95,600
das keyboard 4,600
desktop keyboard drawer,600
drop shift keyboard,600
ducky pink keyboard,600
ducky the gamer,600
ergonomic keyboard tray,600
fastest gaming keyboard,600
five below keyboard,600
g213 prodigy keyboard,600
good 60 keyboards,600
havit gaming keyboard,600
hot swappable switches,600
hotswap keyboard kit,600
hotswap tkl keyboard,600
hp x360 14,600
keyboard duster spray,600
keyboard macro program,600
keyboard mouse switch,600
keychron k2 v2,600
kraken pro 60,600
lenovo thinkpad keyboard,600
logitech ergo keyboard,600
logitech g15 keyboard,600
logitech g512 keyboard,600
logitech keyboard apple,600
logitech keyboard g213,600
logitech lightspeed keyboard,600
logitech wired keyboard,600
mac mini keyboard,600
magic keyboard macbook,600
mechanical key switch,600
mechanical keyboard cherry,600
merc stealth keyboard,600
microsoft keyboard 4000,600
msi gaming keyboard,600
optical keyboard switches,600
razer analog keyboard,600
razer blackwidow mini,600
razer cheap keyboard,600
rose gold keyboard,600
royal kludge rk84,600
silent keyboard switches,600
silent red switches,600
small mechanical keyboard,600
smart tv keyboard,600
split keyboard wireless,600
steelseries gaming keyboard,600
steelseries keyboard apex,600
steelseries wireless keyboard,600
tab s7 keyboard,600
test keyboard switches,600
the best keyboard,600
typewriter style keyboard,600
undermount desk drawers,600
usb midi keyboard,600
white led keyboard,600
wireless apple mouse,600
wireless compact keyboard,600
wireless led keyboard,600
wireless typewriter keyboard,600
103 key,600
68 keyboard,600
85 keyboard,600
adesso keyboard,600
aesthetic keyboards,600
air keyboard,600
ajazz k620t,600
aqua switches,600
arabic keybord,600
ball keyboard,600
clear keyboard,600
cm storm,600
contour design,600
cyberpower keyboard,600
dk63 keyboard,600
easel pad,600
editors keyboard,600
evga keyboard,600
folding keyboard,600
gamecube keyboard,600
genuine appliances,600
gk61 case,600
goldtouch keyboard,600
illuminated keyboard,600
kensington keyboard,600
keyboard base,600
keyboard gloves,600
keyboard poker,600
keyboard table,600
lap keyboard,600
mmo keyboard,600
nice keyboard,600
perixx keyboard,600
pok3r keyboard,600
pretty keyboard,600
primus keyboard,600
professional keyboard,600
rk71 keyboard,600
sample keyboard,600
satechi keyboard,600
southpaw keyboard,600
travel keyboard,600
under desk,600
victsing keyboard,600
waterproof keyboard,600
xinmeng keyboard,600
chiclet,600
km636,600
mjyr2ll/a,600
mq052ll/a,600
best budget keyboard for gaming,500
bluetooth keyboard for macbook pro,500
bt keyboard for ipad mini,500
evga z15 rgb gaming keyboard,500
full size hot swappable keyboard,500
hyperx alloy origins core tkl,500
i pad mini bluetooth keyboard,500
ibuypower ares m2 gaming keyboard,500
ipad 7th generation keyboard case,500
ipad mini case with keyboard,500
office desk with keyboard tray,500
standing desk with keyboard tray,500
tablet with keyboard and pen,500
white keycaps on black keyboard,500
writing desk with keyboard tray,500
3 tier keyboard stand,500
60 percent keyboard keycaps,500
best keyboard for work,500
corsair keyboard and mouse,500
cute keyboard for girls,500
dell tablet with keyboard,500
gaming chair keyboard tray,500
hot swappable 65 keyboard,500
hyperx keyboard and mouse,500
ipad 10.2 keyboard case,500
ipad air 3 keyboard,500
ipad pro 10.5 keyboard,500
jelly comb bluetooth keyboard,500
keyboard drawer for desk,500
keyboard wrist rest gaming,500
logitech ipad keyboard case,500
logitech mechanical gaming keyboard,500
logitech usb c receiver,500
logitech wireless gaming keyboard,500
logitech wireless keyboard k270,500
magegee keyboard change color,500
mechanical keyboard red switch,500
microsoft surface go keyboard,500
mouse and keyboard stand,500
ps 2 to usb,500
razer 60 percent keyboards,500
razer blackwidow elite keyboard,500
steelseries apex gaming keyboards,500
steelseries keyboard and mouse,500
surface pro keyboard cover,500
tablet with detachable keyboard,500
white light up keyboard,500
wireless gaming mechanical keyboard,500
zagg ipad pro 12.9,500
zaggkeys ipad air keyboard,500
100 mechanical keyboard,500
104 key keyboard,500
30 percent keyboard,500
3m keyboard tray,500
40 mechanical keyboard,500
84 key keyboard,500
acer key board,500
apex 100 keyboard,500
apple keyboard case,500
aukey mechanical keyboard,500
azio retro keyboard,500
backlit ergonomic keyboard,500
backlit keyboards mechanical,500
backlit magic keyboard,500
blue finger keyboard,500
blue mechanical keyboard,500
bluetooth ergonomic keyboard,500
bluetooth foldable keyboard,500
casio mini keyboard,500
clamp keyboard tray,500
clean mechanical keyboard,500
coolest mechanical keyboard,500
custom mechanical keyboards,500
dell keyboard cover,500
dell wired keyboard,500
ducky keyboard tkl,500
gaming keyboard keycaps,500
gaming keyboard keys,500
gaming keyboard layout,500
hp omen keyboard,500
hyperx alloy keyboard,500
hyperx origins core,500
hyperx red switch,500
infer red keyboard,500
ipad 12.9 keyboard,500
ipad keyboard small,500
japanese computer keyboard,500
japanese mechanical keyboard,500
key switch keyboard,500
keyboard auto presser,500
keyboard carry case,500
keyboard carrying case,500
keyboard cleaning kit,500
keyboard hand rest,500
keyboard rock band,500
keyboard tester mac,500
keyboard with joystick,500
large key keyboard,500
logitech g510 keyboard,500
logitech g910 keyboard,500
logitech k520 keyboard,500
logitech k830 keyboard,500
logitech mini keyboard,500
logitech tablet keyboard,500
logitech unifying keyboard,500
low profile switches,500
lvl up mouse,500
massdrop ctrl keyboard,500
microsoft ergo keyboard,500
microsoft natural keyboard,500
mount everest keyboard,500
mx brown keyboard,500
mx brown switches,500
onn wireless keyboard,500
outemu brown switches,500
plastic keyboard cover,500
prime e keyboard,500
razer membrane keyboard,500
rechargeable wireless keyboard,500
roll up keyboard,500
seenda wireless keyboard,500
smallest wireless mouse,500
split ergonomic keyboard,500
surface 3 keyboard,500
surface ergonomic keyboard,500
tablet keyboard case,500
typewriter mechanical keyboard,500
usb wireless keyboard,500
virtual keyboard 2.0,500
white 60 keyboard,500
wired ergonomic keyboard,500
wireless computer keyboard,500
wooden keyboard stand,500
xbox one keyboard,500
yellow switch keyboard,500
anne keyboard,500
bloody keyboard,500
bluefinger keyboard,500
chroma keyboard,500
dora keyboard,500
glow medical,500
hungarian keyboard,500
hyperx aqua,500
hyperx switches,500
infred keyboard,500
inland keyboard,500
k2 keyboard,500
k66 keyboard,500
k800 keyboard,500
kawai keyboard,500
kemove keyboard,500
key borad,500
keyboard arm,500
keyboard rest,500
membrane keyboards,500
micro keyboard,500
mini keybord,500
multimedia keyboard,500
mx clear,500
niz keyboard,500
olcd keyboard,500
outemu browns,500
pokemon keyboard,500
prime_e keyboard,500
proscan tablet,500
purple switch,500
regular keyboard,500
rk68 keyboard,500
rubberised keyboard,500
russian keybord,500
saiteck keyboard,500
saltek keyboard,500
scissor keyboard,500
sillicon keyboard,500
sitek keyboard,500
slim keyboard,500
spongebob keyboard,500
tfues keyboard,500
touchscreen keybord,500
transparent keyboard,500
unikorn keyboard,500
wireless computor,500
yamaha dgx,500
cleantype,500
keyboard.game,500
onkeyboard,500
wirelesscomputer,500
z12,500
bluetooth gaming keyboard and mouse,450
bluetooth keyboard and mouse combo,450
dell laptops with backlit keyboard,450
gaming keyboard and mouse bundle,450
gaming keyboard for xbox one,450
glorious pc gaming race gmmk,450
hp laptops with backlit keyboard,450
k380 multi device bluetooth keyboard,450
keyboard and mouse for switch,450
keyboard pad with wrist rest,450
logitech keyboard and mouse combo,450
microsoft surface pro 4 keyboard,450
multi device keyboard and mouse,450
razer cynosa v2 gaming keyboard,450
surface pro 7 keyboard cover,450
white gaming keyboard and mouse,450
akko sakura jelly keyboard,450
ares m2 gaming keyboard,450
best switches for typing,450
bt keyboard for android,450
cherry mx black keyboard,450
cherry mx keyboard switches,450
custom mechanical keyboard keycaps,450
cyberpowerpc multimedia gaming keyboard,450
drop entr mechanical keyboard,450
ducky one 2 keyboard,450
g213 prodigy gaming keyboard,450
hp keyboard and mouse,450
ipad 8th gen keyboard,450
jelly comb keyboard pairing,450
keyboard and mouse tray,450
keyboard slide out tray,450
keyboard with blue switches,450
laptops with rainbow keyboard,450
logitech low profile keyboard,450
magic keyboard 11 inch,450
magic keyboard space gray,450
microsoft natural ergonomic keyboard,450
npet k10 gaming keyboard,450
palm rest for keyboard,450
pink light up keyboard,450
portable blue tooth keyboard,450
razer huntsman elite keycaps,450
razer pro type keyboard,450
silent keyboard and mouse,450
standard ps 2 keyboard,450
tablet computer with keyboard,450
20 percent keyboard,450
60% keyboard case,450
64 key keyboard,450
65 keyboard keycaps,450
asus gundam keyboard,450
black switch keyboard,450
blue cherry keyboard,450
cherry g80 1800,450
computer desk tray,450
cool mechanical keyboards,450
corsair strafe keyboard,450
dell mechanical keyboard,450
ducky 65 keyboard,450
gaming wrist rest,450
gateron yellow keyboard,450
glorious gaming keyboard,450
glorious mechanical keyboard,450
iclever keyboard pairing,450
ipad 10.2 keyboard,450
ipad keyboard stand,450
keyboard air cleaner,450
keyboard in russian,450
keyboard key remover,450
logitech keyboard layout,450
logitech pink keyboard,450
mac gaming keyboard,450
mouse and keybaord,450
numpad mechanical keyboard,450
quietest mechanical keyboard,450
razr wireless keyboard,450
redragon k552 white,450
rk61 mechanical keyboard,450
royal kludge rk68,450
small bluetooth keyboard,450
tenkeyless gaming keyboard,450
touch screen keybord,450
ubotie green keyboard,450
under desk tray,450
zag ipad cases,450
ziyou lang keyboard,450
70% keyboard,450
accer keyboard,450
arabic keybaord,450
aser keyboard,450
drevo keyboard,450
flexible keyboard,450
g keyboard,450
k55 keyboard,450
k63 keyboard,450
keyboard adapter,450
keyboard bench,450
keyboard k120,450
keyboard labels,450
keyboard mount,450
keychron k7,450
keycool 84,450
logitech k375s,450
mac keyboards,450
mechanical typewriter,450
mlnl mouse,450
nintendo keyboard,450
pbx keyboard,450
ps2 adapter,450
redragon gaming,450
rk royal,450
saitec keyboard,450
sillicone keyboard,450
touchscreen keyboard,450
zboard keyboard,450
5ph,450
g86,450
kryboard,450
z12.5,450
60 keyboard with arrow keys,400
aula led backlight gaming keyboard,400
ipad 6th generation keyboard case,400
k780 multi device wireless keyboard,400
keyboard mouse for xbox one,400
lenovo wireless keyboard and mouse,400
logitech g pro mechanical keyboard,400
logitech k780 multi-device wireless keyboard,400
microsoft surface pro 3 keyboard,400
microsoft surface pro x keyboard,400
razer huntsman elite gaming keyboard,400
surface book 2 keyboard replacement,400
touchscreen laptop with backlit keyboard,400
zagg ipad air 2 keyboards,400
60 hot swap keyboard,400
best keyboard under 100,400
blue tooth wireless keyboard,400
cheap tablets with keyboard,400
cherry mx silent switches,400
clip on keyboard tray,400
corsair 60 percent keyboard,400
couch keyboard and mouse,400
dell kb212 b keyboard,400
ducky frozen llama keyboard,400
gaming keyboard blue switches,400
glorious modular mechanical keyboard,400
ipad 8 keyboard case,400
ipad keyboard with mouse,400
ipad mini 5 keyboard,400
keyboard tray for chair,400
left handed gaming keyboard,400
logitech wireless keyboard mouse,400
mac keyboard with trackpad,400
microsoft all-in-one media keyboard,400
microsoft sculpt comfort keyboard,400
microsoft sculpt ergonomic desktop,400
microsoft wireless keyboard 800,400
one hand gaming keyboard,400
pewdiepie keyboard and mouse,400
pink and white keyboard,400
pro line keyboard stands,400
ps2 keyboard and mouse,400
razer black widow v3,400
razer home run bundle,400
redragon keyboard change color,400
steelseries apex 3 keyboard,400
tv remote with keyboard,400
vacuum cleaner for keyboard,400
wall mount keyboard trays,400
wall mounted keyboard trays,400
white mechanical keyboard rgb,400
xbox one controller keyboard,400
zaggmate keyboard for ipad,400
1800 layout keyboard,400
2 key keyboard,400
49 key keyboard,400
60 keyboard kit,400
60 rgb keyboard,400
66 key keyboard,400
80 keyboard case,400
adjustable keyboard stand,400
alienware multimedia keyboard,400
attachable keyboard tray,400
backlit bluetooth keyboard,400
casio wk 500,400
cassio wk 500,400
chicago bulls keyboard,400
colorful wireless keyboard,400
cotton candy keyboard,400
davinci resolve keyboard,400
dell bluetooth keyboard,400
dell keyboard layout,400
demon slayer keyboard,400
ducky shine keyboard,400
ergo mechanical keyboard,400
guild series keyboard,400
hp bluetooth keyboard,400
hp pavilion 2in1,400
huntsman mini white,400
ipad wireless keyboard,400
japanese keyboard katakana,400
key board accessories,400
keyboard display stand,400
keyboard in spanish,400
keyboard lap tray,400
keyboard wall mount,400
keyboard with trackball,400
keyboards for laptops,400
led mechanical keyboard,400
lenovo replacement parts,400
linear switch keyboard,400
logitech illuminated keyboard,400
logitech k360 keyboard,400
logitech tkl keyboard,400
magic keyboard cover,400
magic keyboard imac,400
mechanical keyboard red,400
mechanical keyboard switch,400
microsoft designer keyboard,400
mx silent red,400
one piece keyboard,400
pc on keyboard,400
pro x keyboard,400
quiet logitech keyboard,400
rack mount monitor,400
redragon white keyboard,400
refurbished apple keyboard,400
retro keyboard wireless,400
silent red keyboard,400
small midi keyboard,400
sniper series keyboard,400
tab s6 keyboard,400
toshiba labtop keyboard,400
toshiba laptops keyboards,400
touch sensetive keyboard,400
vega 65 keyboard,400
vintage mechanical keyboard,400
white tkl keyboard,400
wired mechanical keyboard,400
wireless keyboard pc,400
wireless tiny keyboard,400
xbox 360 keyboard,400
yamaha portable keyboard,400
45 keyboard,400
atco records,400
aula keyboard,400
blekin bluetooth,400
brown keyboard,400
chiclet keycaps,400
coolermaster keyboard,400
dell km714,400
drop gaming,400
eagletec keyboard,400
g15 keyboard,400
g213 keyboard,400
g710 keyboard,400
gaming combo,400
gk keyboard,400
ihome keyboard,400
keyboard companies,400
keyboard rack,400
keyboard wire,400
keyless keyboard,400
keytronic keyboard,400
lazer keyboard,400
logitech k811,400
mq052ll a,400
orange keyboard,400
penna keyboard,400
pikachu keyboard,400
prime led,400
pro keyboard,400
programable keypads,400
retro typewriter,400
ruber keyboard,400
saitech keyboard,400
superman accessory,400
toshiba keyborad,400
toshiba keybord,400
tosiba keyboard,400
white mechanical,400
eyboard,400
5 pin hot swap keyboard,350
adjustable keyboard tray under desk,350
apple ipad pro magic keyboard,350
apple magic keyboard 11 inch,350
cheap wireless keyboard and mouse,350
desk with pull out keyboard,350
gamdias ares m1 gaming keyboard,350
gaming desk with keyboard tray,350
hycarus keyboard and mouse adapter,350
hyperx alloy origins core aqua,350
ipad 10.2 case with keyboard,350
ipad 4th generation keyboard case,350
ipad pro 10.5 keyboard case,350
keyboard for ipad 5th generation,350
laptops with light up keyboards,350
mechanical keyboard with blue switch,350
mk270 wireless keyboard and mouse,350
pink wireless keyboard and mouse,350
razer ornata chroma gaming keyboard,350
rechargeable wireless keyboard and mouse,350
studio desk with keyboard tray,350
wireless backlit keyboard and mouse,350
wireless keyboard for smart tv,350
alesis v25 midi keyboard,350
android table with keyboard,350
best keyboard under 50,350
bluetooth mouse for tablet,350
chair mount keyboard tray,350
cherry mx clear switches,350
cherry mx mechanical keyboard,350
cynosa chroma gaming keyboard,350
ipad 7th gen keyboard,350
ipad keyboard and case,350
ipad mini 4 keyboard,350
ipad pro 9.7 keyboard,350
keyboard and mouse set,350
keyboard attachment for desk,350
keyboard covers for typing,350
keyboard with macro keys,350
logitech backlit keyboard wireless,350
logitech g 15 keyboard,350
logitech quiet keyboard k740,350
macbook pro 2019 keyboard,350
mechanical keyboard coiled cable,350
microsoft wireless keyboard 850,350
new england patriots keyboard,350
rainbow light up keyboard,350
razer huntsman mini mercury,350
razer huntsman mini switches,350
razer one handed keyboard,350
razer tournament edition keyboard,350
red dragon mechanical keyboard,350
slide out desk extension,350
small keyboard and mouse,350
toshiba lap top keyboard,350
vizio remote with keyboard,350
wall mountable keyboard tray,350
wireless 60 mechanical keyboard,350
1800 compact keyboard,350
3d printed keyboard,350
81 key keyboard,350
87 key keyboard,350
air mouse remote,350
android tablets keyboard,350
anime keyboard keycaps,350
apple numeric keyboard,350
apple numeric keypad,350
asus gaming keyboard,350
azio for all,350
best ergo keyboard,350
black switches keyboard,350
blackweb mechanical keyboard,350
bluetooth keyboard mouse,350
bt wireless keyboard,350
casio ctk 700,350
casio wk 7600,350
cherry red keyboard,350
cherry silent red,350
clicky mechanical keyboard,350
compressed air keyboard,350
computer keyboard covers,350
corsair mini keyboard,350
cyberpowerpc gaming keyboard,350
cyberpowerpc keyboard lights,350
dell computer keyboard,350
evo core keyboard,350
flat keyboard gaming,350
full mechanical keyboard,350
hot swappable tkl,350
hp backlit keyboard,350
hp keyboard covers,350
hp omen 17.3,350
hp pavilion keyboard,350
huntsman mini keycaps,350
ipad 2 keyboard,350
k330 logitech keyboard,350
key switch comparison,350
keyboard cleaning gel,350
keyboard switch colors,350
keychron hot swappable,350
kids computer keyboard,350
kodi keyboard shortcuts,350
led light keyboard,350
left hand keyboard,350
lenovo backlit keyboard,350
leopold mechanical keyboard,350
lighted computer keyboard,350
logitech backlight keyboard,350
logitech g513 keyboard,350
logitech gpro keyboard,350
logitech k400 keyboard,350
logitech keyboard mouse,350
logitech new keyboard,350
logitech slim combo,350
mac keyboard cover,350
membrane keyboard keycaps,350
microsoft sculpt ergonomic,350
neon green keyboards,350
non mechanical keyboard,350
old mechanical keyboard,350
ps2 usb adapter,350
ps4 controller keyboard,350
quiet switches keyboard,350
razer keyboard switches,350
razer pudding keycaps,350
razer sanrio keyboard,350
retro bluetooth keyboard,350
retro classic keyboard,350
rii gaming keyboard,350
rk61 keyboard white,350
roku keyboard remote,350
royal clutch keyboard,350
saitek cyborg keyboard,350
slide it keyboard,350
slim wireless keyboard,350
smallest wireless keyboard,350
soft touch keyboard,350
split gaming keyboard,350
steel series keyboard,350
steelseries 60 keyboard,350
toshiba satalite keyboard,350
toshiba satellite keyboards,350
toshiba sattelite keyboard,350
touch screen keyboard,350
undermount keyboard tray,350
usb passthrough keyboard,350
white backlit keyboard,350
wireless illuminating keyboard,350
womier k66 keyboard,350
yamaha ez 200,350
zagg bluetooth keyboard,350
zagg ipad case,350
95 keyboard,350
arbic keyboard,350
avid keyboard,350
baklit keyboard,350
bestbuy keyboards,350
bump bar,350
classic keyboard,350
contactless keyboard,350
donner keyboard,350
fun keyboards,350
funny keyboards,350
g513 keyboard,350
k380 keyboard,350
k830 keyboard,350
kerma medical,350
keyboard cartoon,350
keyboard chair,350
keyboard cushion,350
keyboard folio,350
keyboard keyboard,350
keyboard replacement,350
keyboards instruments,350
langtu keyboard,350
logical keyboard,350
logitech keypad,350
matias quietpro,350
mcally keyboard,350
mecha membrane,350
mx red,350
newegg keyboard,350
oled keyboard,350
pbt keyboard,350
perfection automotive,350
portable mouse,350
predator keyboard,350
procreate keyboard,350
rottay keyboard,350
round keyboard,350
rubber keyboard,350
serbian keyboard,350
silicone keyboard,350
smartphones keyboard,350
solar keyboard,350
t10 thermostat,350
unique keyboards,350
viper keyboard,350
wow keyboard,350
yahama dgx,350
arabic-keyboard,350
kb216,350
keychrone,350
macw,350
mk360,350
pc600,350
anne pro 2 mechanical keyboard,300
apple ipad pro 12.9 keyboard,300
cherry mx blue switch keyboard,300
cherry mx blue switches keyboard,300
cherry mx red mechanical keyboard,300
computer desk with printer storage,300
computer table with keyboard tray,300
cool keycaps for 60 keyboard,300
ergonomic mouse and keyboard combo,300
good mechanical keyboard for gaming,300
hp wireless elite keyboard v2,300
ipad air case with keyboard,300
ipad pro 10.5 inch keyboard,300
ipad pro 10.5 smart keyboard,300
ipad pro 12.9 1st generation,300
ipad pro 12.9 inch keyboard,300
left handed keyboard and mouse,300
lenovo keyboard light turn on,300
logitech g pro wireless keyboard,300
logitech k400 plus wireless keyboard,300
logitech wireless touch keyboard k400,300
m audio keystation 61 mk3,300
macbook air 2020 keyboard cover,300
microsoft ergonomic keyboard and mouse,300
mini wireless keyboard with touchpad,300
monitor with keyboard and mouse,300
mouse for ipad pro 12.9,300
overwatch ps4 keyboard and mouse,300
razer ornata v2 gaming keyboard,300
razer wireless keyboard and mouse,300
white keyboard with black keys,300
wireless keyboard for ipad pro,300
wireless keyboard with tracker ball,300
anne pro mechanical keyboard,300
apple magic wireless keyboard,300
apple space gray keyboard,300
best one-handed gaming keyboard,300
blue tooth keyboard mouse,300
bluetooth keyboard for android,300
bluetooth keyboard for firestick,300
cheap mechanical gaming keyboard,300
cherry mx silent keyboard,300
cherry red switches keyboard,300
cleaning a mechanical keyboard,300
dell laptop keyboard light,300
english to japanese keyboard,300
fosmon mini bluetooth keyboard,300
glowing keyboard and mouse,300
green bay packers keyboard,300
havit magic eagle keyboard,300
hyperx alloy origins tkl,300
ipad mini 2 keyboard,300
k65 lux rgb keyboard,300
keyboard and mouse mat,300
keyboard for ipad air,300
keyboard holder for desk,300
keyboard macro for games,300
keypads for ipad mini,300
logitech keyboard with touchpad,300
logitech wave keyboard k350,300
mechanical keyboard light up,300
mechanical keyboard switch tester,300
microsoft ergo keyboard 7000,300
microsoft ergo keyboard wireless,300
microsoft wired keyboard 600,300
monitor keyboard and mouse,300
ms ergonomic keyboard 7000,300
multi device wireless keyboard,300
pastel purple gaming setup,300
piano keyboard for ipad,300
quiet keyboard and mouse,300
razer blackwidow v3 mini,300
red blue brown switches,300
roku remote with keyboard,300
stickers for keyboard keys,300
surface book 2 keyboard,300
tab s7 plus keyboard,300
what are macro keys,300
whats a mechanical keyboard,300
wii rock band bundel,300
wired keyboard with touchpad,300
wireless computer key board,300
wireless keyboard w trackball,300
wireless keyboard with trackerball,300
wireless tkl mechanical keyboard,300
world of warcraft keyboard,300
yamaha ez 220 keyboard,300
zagg ipad pro keyboards,300
zagg keyboard ipad case,300
1 dollar keyboard,300
60 key keyboard,300
68 key keyboard,300
96 mechanical keyboard,300
alienware 510k keyboard,300
alienware mechanical keyboard,300
alienware wireless keyboard,300
anker wireless keyboard,300
articulating keyboard tray,300
asus keyboard wireless,300
blue mechanical switches,300
bluetooth keyboard mice,300
bluetooth keyboard trackpad,300
bt mouse android,300
carolina panthers keyboard,300
cheap rgb keyboard,300
colored keyboard keys,300
computer wrist rest,300
corsair k55 keycaps,300
corsair k63 keyboard,300
corsair k65 keyboard,300
corsair tkl keyboards,300
das keyboard mac,300
dell keyboard kb212-b,300
dell keyboard kb216,300
digital keyboard computer,300
ducky sakura keyboard,300
ergonomic macintosh keyboard,300
fellowes keyboard tray,300
fintie keyboard case,300
floating switch keyboard,300
flywheel in spanish,300
french canadian keyboard,300
g 510 keyboard,300
go keyboard black,300
high profile keyboard,300
hp keyboard wired,300
hp pavilion 16,300
hyperx rgb keyboard,300
hyperx wireless keyboard,300
ibuypower gaming keyboard,300
keyboard chair mount,300
keyboard cleaning tools,300
keyboard color switches,300
keyboard form factors,300
keyboard in dishwasher,300
keyboard on ipad,300
keyboard rest pad,300
keyboard without keycaps,300
kindle return policy,300
koi fish keyboard,300
large print keyboard,300
light blue keyboard,300
logitech backlit keyboard,300
logitech g710 keyboard,300
logitech rugged folio,300
logitech silent keyboard,300
logitech trackpad keyboard,300
logitech usb keyboard,300
mac air mouse,300
mac desktop keyboard,300
mac ergo keyboard,300
mac keyboard sticker,300
macbook keyboard skin,300
magic keyboard 11,300
mecha membrane keyboard,300
mechanical key switches,300
mechanical keyboard caps,300
membrane gaming keyboard,300
microsoft arc keyboard,300
microsoft split keyboard,300
mini usb keyboard,300
motpk gaming desk,300
mouse keyboard ps4,300
mx blue switches,300
new corsair keyboard,300
num pad keyboard,300
old keyboard connector,300
one up keyboard,300
optical switch keyboard,300
pastel mechanical keyboard,300
pewter switches keyboard,300
pink emoji keyboard,300
pink rgb keyboard,300
polycarbonate keyboard case,300
portable bluetooth keyboard,300
prebuilt mechanical keyboard,300
pressure sensitive keyboard,300
proline keyboard stand,300
ps2 usb adabter,300
quiet ergonomic keyboard,300
razer ornata keyboard,300
razer tkl keyboard,300
red dragon gaming,300
refurbished magic keyboard,300
remote with keyboard,300
rgb mac keyboard,300
right hand keyboard,300
rii mini i8,300
russian keyboard stickers,300
russian keyboard stikers,300
seal shield keyboard,300
seattle seahawks keyboard,300
servers in spanish,300
shoot in spanish,300
slim mechanical keyboard,300
soft key keyboards,300
split keyboard kit,300
tablets with keypads,300
underdesk keyboard drawer,300
usb gaming keyboard,300
visio keyboard remote,300
vitual laser keyboard,300
wasd code keyboard,300
williams keyboard allegro,300
windows surface keyboards,300
wireless keyboards touchpad,300
wireless tkl keyboard,300
wirless keyboard touchpad,300
wooting one keyboard,300
yamaha dg 530,300
yamaha dgx 530,300
z 88 keyboard,300
120 keyboard,300
87 keyboard,300
alien keyboard,300
aluminum keyboard,300
asceny keyboard,300
back lit,300
backlit laptops,300
beistle company,300
blackwidow razer,300
bluetooth keypads,300
bluetooth typewriter,300
canadian keyboard,300
casio wk-500,300
cherry clear,300
circle keycaps,300
ck61 keyboard,300
ck62 keyboard,300
corsair 60,300
cougar keyboard,300
evangelion keyboard,300
fellowes inc,300
fuji keyboard,300
fujitsu keyboard,300
g510s keyboard,300
gaming tray,300
glow keyboard,300
handheld keyboard,300
helix keyboard,300
hype ultra,300
ikbc keyboard,300
k350 keyboard,300
k400 keyboard,300
k65 lux,300
k87 keyboard,300
keyboard lift,300
keyboard splitter,300
lavender keyboard,300
leaf65 keyboard,300
light keyboard,300
matcha keyboard,300
mistel keyboard,300
mouse converter,300
mouse switch,300
nkro keyboard,300
overwatch keyboard,300
pictek keyboard,300
poker2 keyboard,300
poseidon keyboards,300
raiders keyboard,300
razer 60,300
red swith,300
rk84 keyboard,300
rus keyboard,300
silver keyboard,300
sportsbot keyboard,300
super keyboards,300
thermaltake keyboards,300
typecase flexbook,300
typewriter game,300
under desck,300
yamaha dgx230,300
z88 keyboard,300
5kv-00001,300
hot-swappable,300
k760,300
keyboard.arm,300
keycool,300