Keyword,sv
ruler,284000
millimeter ruler,11000
metric ruler,9800
centimeter ruler,8800
rulers,4700
digital ruler,4100
scale ruler,3200
slide ruler,3100
pd ruler,2700
ruler fractions,2200
quilting rulers,2200
triangle ruler,2000
measurement ruler,2000
metal ruler,1600
wood rulers,1500
bold ruler,1500
angle ruler,1500
t square ruler,1400
folding ruler,1200
engineering scale ruler,1200
steel ruler,1200
french curve ruler,1200
flexible ruler,1200
architect rulers,1100
leveling ruler,1000
bendy ruler,1000
t ruler,1000
amanda murphy rulers,1000
multi angle measuring ruler,900
square ruler,900
decimal ruler,900
engineering ruler,900
gate ruler,900
machinist ruler,900
carpenter ruler,800
architect scale ruler,800
martha ruler,800
sewing rulers,800
wooden ruler,800
quilting ruler,800
straight edge ruler,700
engineer scale ruler,700
2 inch ruler,700
architectural ruler,700
shirt ruler,600
sewing ruler,600
standard ruler,600
clear ruler,600
architect ruler,500
westcott ruler,500
rulers for school,500
rolling ruler,500
drafting ruler,500
architect ruler scale,500
longarm quilting rulers,450
l ruler,450
laser ruler,450
parallel ruler,450
circle ruler,450
easy read ruler,450
fraction ruler,450
plastic ruler,400
18 inch ruler,400
acrylic ruler,400
handi quilter rulers,350
cricut ruler,350
ruler level,350
transparent ruler,350
ruler with inches and centimeters,350
sliding ruler,350
long ruler,350
slide ruler calculator,350
right angle ruler,350
fabric ruler,350
architectural scale ruler,300
wood ruler,300
seam guide ruler,300
stainless steel ruler,300
electronic ruler,300
curve ruler,300
magnetic ruler,300
mini ruler,300
magnifying ruler,300
small ruler,300
foldable ruler,300
slap bracelet ruler,300
24 inch ruler,250
woodworking ruler,250
curved ruler,250
cutting ruler,250
compass ruler,250
steel rulers,250
stick ruler,250
longarm rulers,200
center finding ruler,200
edge ruler,200
pink ruler,200
triangular ruler,200
compass rulers,200
pocket ruler,200
clover hot ruler,200
electric ruler,200
pcb ruler,200
deckle edge ruler,150
parallel rulers,150
yardstick ruler,150
black ruler,150
circumference ruler,150
construction ruler,150
web rulers,150
14 inch ruler,150
wing clipper ruler,150
precision ruler,150
gold ruler,150
leveler ruler,150
metal rulers,150
decimal inch ruler,100
centering ruler,100
hem ruler,100
15cm ruler,100
tshirt ruler,90
adafruit pcb ruler,70
black and white ruler,70
15 cm ruler,40
quilters rulers,40
long wood ruler,30
metal l ruler,10